<?xml version="1.0"?>
<!DOCTYPE hibernate-mapping PUBLIC "-//Hibernate/Hibernate Mapping DTD 3.0//EN"
"http://hibernate.sourceforge.net/hibernate-mapping-3.0.dtd">
<!-- Generated 03-may-2013 22:05:32 by Hibernate Tools 3.2.1.GA -->
<hibernate-mapping>
    <class name="modelo.Dependencias" table="dependencias" schema="public">
        <id name="codDependencia" type="int">
            <column name="cod_dependencia" />
            <generator class="sequence">
                <param name="sequence">dependencias_cod_dependencia_seq</param> 
            </generator>
        </id>
        <property name="nomDependencia" type="string">
            <column name="nom_dependencia" not-null="true" />
        </property>
        <set name="personases" inverse="true">
            <key>
                <column name="fk_perso_depen" />
            </key>
            <one-to-many class="modelo.Personas" />
        </set>
    </class>
</hibernate-mapping>
