<?xml version="1.0"?>
<!DOCTYPE hibernate-mapping PUBLIC "-//Hibernate/Hibernate Mapping DTD 3.0//EN"
"http://hibernate.sourceforge.net/hibernate-mapping-3.0.dtd">
<!-- Generated 02-may-2013 21:30:02 by Hibernate Tools 3.2.1.GA -->
<hibernate-mapping>
    <class name="modelo.Personas" table="personas" schema="public">
        <id name="codPersona" type="int">
            <column name="cod_persona" />
            <generator class="sequence">
                <param name="sequence">personas_cod_persona_seq</param> 
            </generator>
        </id>
        <property name="nomPersona" type="string">
            <column name="nom_persona" />
        </property>
        <property name="apePersona" type="string">
            <column name="ape_persona" />
        </property>
        <set name="usuarioses" inverse="true">
            <key>
                <column name="fk_usu_perso" not-null="true" />
            </key>
            <one-to-many class="modelo.Usuarios" />
        </set>
    </class>
</hibernate-mapping>
