<?xml version="1.0"?>
<!DOCTYPE hibernate-mapping PUBLIC "-//Hibernate/Hibernate Mapping DTD 3.0//EN"
"http://hibernate.sourceforge.net/hibernate-mapping-3.0.dtd">
<!-- Generated 02-may-2013 21:30:02 by Hibernate Tools 3.2.1.GA -->
<hibernate-mapping>
    <class name="modelo.Usuarios" table="usuarios" schema="public">
        <id name="codUsuario" type="int">
            <column name="cod_usuario" />
            <generator class="sequence">
                <param name="sequence">usuarios_cod_usuario_seq</param> 
            </generator>
        </id>
        <many-to-one name="personas" class="modelo.Personas" fetch="select" cascade="all">
            <column name="fk_usu_perso" not-null="true" />
        </many-to-one>
        <property name="loginUsuario" type="string">
            <column name="login_usuario" not-null="true" unique="true" />
        </property>
        <property name="claveUsuario" type="string">
            <column name="clave_usuario" not-null="true" />
        </property>
    </class>
</hibernate-mapping>
