<?xml version="1.0" encoding="UTF-8"?>
<!DOCTYPE hibernate-configuration PUBLIC "-//Hibernate/Hibernate Configuration DTD 3.0//EN" "http://hibernate.sourceforge.net/hibernate-configuration-3.0.dtd">
<hibernate-configuration>
  <session-factory>
    <property name="hibernate.dialect">org.hibernate.dialect.PostgreSQLDialect</property>
    <property name="hibernate.connection.driver_class">org.postgresql.Driver</property>
    <property name="hibernate.connection.url">jdbc:postgresql://126.10.10.10:5432/sisrepuestos_db</property>
    <property name="hibernate.connection.username">simeac</property>
    <property name="hibernate.connection.password">simeac01</property>
    <property name="hibernate.show_sql">true</property>
    <property name="hibernate.format_sql">true</property>
    <property name="hibernate.current_session_context_class">thread</property>
    <mapping resource="modelo/Autopartes.hbm.xml"/>
    <mapping resource="modelo/Imagenes.hbm.xml"/>
    <mapping resource="modelo/Tipos.hbm.xml"/>
  </session-factory>
</hibernate-configuration>
